customer_id,age,annual_income,monthly_spend,purchase_frequency,tenure_years,gender,region,signup_date
CUST0001,28,34293.50158243805,384.7314226603467,2,0,M,North,2022-04-04
CUST0002,28,27632.092732455592,199.72475395690063,5,1,M,North,2022-04-21
CUST0003,19,29161.488684533604,393.0846949279314,1,2,M,East,2022-07-11
CUST0004,21,24166.555987951306,320.26652931187004,1,0,F,East,2022-01-06
CUST0005,22,35024.483519842266,466.4559626674671,3,0,M,East,2022-05-19
CUST0006,19,25096.39522260174,356.89665939191974,3,0,F,North,2022-02-13
CUST0007,24,31665.010306001685,331.66440021709303,5,1,M,North,2022-04-01
CUST0008,18,23443.6668178992,183.0848279480273,1,0,M,East,2022-01-19
CUST0009,22,18925.749446326627,343.7582406218394,2,1,F,North,2022-08-23
CUST0010,28,26749.42214501308,486.8603377984438,1,2,M,North,2022-03-12
CUST0011,20,24144.6361094626,314.9077859564365,5,0,F,North,2022-02-08
CUST0012,21,31942.11227279073,169.80946195585042,4,1,M,North,2022-03-16
CUST0013,27,31099.83883886568,251.24772330855504,4,1,F,North,2022-02-22
CUST0014,22,33283.558936781075,401.7056852848303,5,1,F,East,2022-06-25
CUST0015,23,31319.951245892516,572.1453707319565,5,1,M,North,2022-01-02
CUST0016,19,29692.45480546686,338.70609593042997,4,2,M,East,2022-06-21
CUST0017,24,23371.281566506448,249.06256306878214,3,2,M,North,2022-03-23
CUST0018,28,34245.66882905732,211.6628889209133,3,0,F,East,2022-09-26
CUST0019,20,16120.637134544011,356.8771363656031,3,2,M,North,2022-02-05
CUST0020,28,25860.974826318576,408.94278002804674,5,0,M,East,2022-08-08
CUST0021,20,19581.39197376127,265.975135639519,5,0,F,East,2022-06-18
CUST0022,18,31622.972005652697,349.1120394829388,3,0,M,North,2022-06-26
CUST0023,27,29999.4946228607,288.9229322780138,4,0,M,North,2022-08-24
CUST0024,28,21759.1014107864,315.63382119223763,3,2,F,North,2022-04-01
CUST0025,26,28253.065799149495,177.6509788024388,3,1,F,East,2022-07-12
CUST0026,26,24399.777683778604,318.1236410088856,1,1,M,North,2022-03-09
CUST0027,27,28356.9803553488,330.16549516250313,1,0,M,North,2022-01-16
CUST0028,23,31327.19718565605,325.4017279206428,4,0,M,East,2022-08-18
CUST0029,21,29958.782179872163,158.1986978093176,2,0,M,East,2022-05-18
CUST0030,23,23025.037892002918,341.4574755216962,1,2,M,North,2022-08-07
CUST0031,24,26774.733811557126,157.68185187748898,1,0,M,North,2022-03-18
CUST0032,26,23036.0792464432,326.5731222881549,3,1,M,North,2022-06-11
CUST0033,25,31509.464783819938,152.86152455146097,1,0,M,North,2022-08-09
CUST0034,21,30893.928457210273,379.7867252584675,2,1,M,North,2022-09-06
CUST0035,24,32974.42051916365,301.07793460694165,4,1,F,East,2022-02-17
CUST0036,20,29291.887848398303,352.1092568466385,1,2,M,East,2022-03-15
CUST0037,18,33410.97084867504,328.2157224038529,5,0,M,North,2022-05-27
CUST0038,20,29704.717932867676,312.52668625514207,2,1,M,North,2022-05-18
CUST0039,27,22240.288857882424,237.77745271200695,4,2,F,East,2022-06-15
CUST0040,21,25901.437045789913,239.1719665372421,3,1,M,East,2022-01-25
CUST0041,25,24628.03480781267,422.1868625521466,1,0,F,North,2022-09-13
CUST0042,19,22228.10175570239,277.7461368895043,2,1,M,North,2022-03-01
CUST0043,23,26829.14446022366,383.840904640316,5,2,F,North,2022-06-25
CUST0044,28,29726.09688057257,238.42601776967533,1,0,F,North,2022-04-11
CUST0045,19,27861.567736043395,253.54960074158433,3,2,M,East,2022-02-22
CUST0046,21,24253.514795343053,155.29033767527392,5,1,F,North,2022-09-27
CUST0047,19,21750.38750402152,187.60206233827887,1,0,F,North,2022-07-07
CUST0048,28,30944.606296090955,293.9873806286446,4,2,F,North,2022-09-22
CUST0049,19,37223.39343883095,375.47790112907,2,2,M,East,2022-08-25
CUST0050,27,22986.26470350181,272.52050242115695,1,1,F,North,2022-09-05
CUST0051,23,28940.39785872056,358.71894188910437,1,1,F,North,2022-05-11
CUST0052,21,37015.84119326553,135.55707162956165,2,1,M,North,2022-07-21
CUST0053,23,29040.846726186744,219.29324985735212,2,1,M,North,2022-06-04
CUST0054,24,34867.46943134327,186.13708894531405,2,0,F,East,2022-02-17
CUST0055,22,32342.012040711415,153.64639869679468,2,0,M,East,2022-02-02
CUST0056,23,27660.963469373997,329.8581450229183,3,1,F,East,2022-03-06
CUST0057,18,37932.48834342334,440.71429512771283,2,2,F,North,2022-01-07
CUST0058,19,24216.813976824007,257.9836695054181,3,1,M,East,2022-02-16
CUST0059,27,28553.952946250225,322.41841937731436,4,0,M,East,2022-04-04
CUST0060,24,,350.30602455383547,3,2,F,North,2022-01-19
CUST0061,22,20593.6138929214,294.6932458767522,3,1,F,North,2022-07-22
CUST0062,21,17579.374858873427,391.0526369062511,2,2,F,East,2022-08-17
CUST0063,26,30136.935896920557,241.11477592260457,2,1,F,East,2022-05-02
CUST0064,25,24759.32872785701,319.71952319203547,4,2,M,North,2022-06-08
CUST0065,22,20954.38135101731,289.0207788852267,3,0,M,East,2022-02-01
CUST0066,21,28982.368038650766,257.65137604015166,1,0,F,North,2022-04-21
CUST0067,25,21945.725462212096,357.7479837486184,2,2,F,East,2022-08-27
CUST0068,24,28276.043293944847,416.7977136641855,1,0,F,North,2022-02-15
CUST0069,20,30572.73778824654,183.62500249535555,4,0,M,North,2022-01-12
CUST0070,25,31739.87018841005,366.46159340930825,5,2,F,East,2022-09-24
CUST0071,27,32190.08210879043,145.09404196727098,4,2,F,North,2022-07-27
CUST0072,25,20060.46216411155,341.21384811770093,3,2,F,North,2022-06-26
CUST0073,22,20651.294079611936,346.6618500477728,2,1,F,East,2022-01-27
CUST0074,26,30500.490773366124,322.1839783282155,4,2,M,North,2022-05-17
CUST0075,19,24143.91752789622,336.5568490576453,4,1,M,North,2022-01-24
CUST0076,24,21414.94031595366,387.7471419381413,1,2,F,East,2022-02-27
CUST0077,18,31941.65795416653,276.2785142789522,4,1,M,East,2022-05-03
CUST0078,21,27172.01492518848,391.2929042710829,4,1,F,North,2022-04-17
CUST0079,25,40293.71487087233,191.12466978755026,5,0,F,North,2022-02-04
CUST0080,19,26314.95136550071,266.239056518583,4,0,M,East,2022-04-18
CUST0081,24,25427.87793048981,377.9005889925799,3,1,F,East,2022-07-07
CUST0082,22,30866.619332783433,222.3458128693282,5,0,F,North,2022-04-17
CUST0083,28,39407.27248087878,383.9582322827299,1,0,M,North,2022-04-19
CUST0084,18,25330.408525424908,259.20945158129683,4,2,M,North,2022-03-18
CUST0085,25,25335.85706612691,170.29503394072472,2,2,M,North,2022-09-14
CUST0086,22,28887.37597967687,311.4627179280234,3,2,F,East,2022-02-25
CUST0087,21,34802.20280742893,356.3154173647844,2,0,F,North,2022-06-22
CUST0088,27,28940.28584500643,227.6623478288019,4,2,F,North,2022-08-23
CUST0089,26,27521.09846841974,289.78883017483264,4,1,M,East,2022-07-04
CUST0090,23,21814.570751812702,186.90869646023668,2,1,M,East,2022-03-26
CUST0091,27,30222.424537847324,207.13234894807965,4,1,F,East,2022-03-18
CUST0092,23,33621.08172152355,178.97319142761071,1,1,F,North,2022-07-17
CUST0093,25,21276.92120612244,249.50581702266152,3,0,F,East,2022-06-22
CUST0094,20,23333.32343870648,305.8528364968463,3,1,F,East,2022-03-18
CUST0095,26,40136.10285575896,312.40173065001983,1,0,F,East,2022-08-12
CUST0096,26,28392.725402084885,177.62008728798588,4,1,M,North,2022-06-18
CUST0097,22,29361.796299372545,420.79072267530694,3,2,F,East,2022-06-28
CUST0098,26,22834.723984396336,283.7380278960105,5,1,F,East,2022-06-14
CUST0099,22,26739.158635330645,354.2904006982681,2,1,M,North,2022-07-27
CUST0100,21,29206.170734338015,390.00881661417276,5,2,F,North,2022-06-20
CUST0101,21,26644.52656890657,372.52418584348374,3,0,M,East,2022-04-19
CUST0102,18,34265.610186343256,283.6664195472557,2,2,F,North,2022-09-07
CUST0103,18,22969.473295238553,259.5834329438229,4,1,M,North,2022-07-25
CUST0104,22,33312.685604447,267.0003227839749,1,1,F,North,2022-09-24
CUST0105,27,26859.5730873363,280.7042110384466,2,2,F,North,2022-05-12
CUST0106,21,34254.289300876684,392.1551077826745,5,2,M,East,2022-08-15
CUST0107,25,31525.3764115877,263.45562544407227,5,1,F,North,2022-07-01
CUST0108,27,30214.498949886234,290.9284215372083,2,2,M,East,2022-01-10
CUST0109,28,31231.653439449732,328.9303239297256,5,0,M,North,2022-01-17
CUST0110,24,21610.265994065907,332.86105098614905,3,0,M,East,2022-03-10
CUST0111,22,26398.63347606152,215.79786724789358,2,1,M,East,2022-01-10
CUST0112,19,21059.44049231067,268.0681529276107,3,0,M,North,2022-04-07
CUST0113,20,29779.258661649284,196.2673143610528,5,1,F,North,2022-06-01
CUST0114,25,25085.055214694,185.00310018296847,3,2,F,East,2022-05-18
CUST0115,19,19435.585110274125,203.00132000086734,3,2,F,North,2022-09-18
CUST0116,19,28988.842412417842,418.77871147132385,5,2,M,East,2022-03-04
CUST0117,27,36134.4593076153,333.61920603806425,4,2,F,East,2022-01-15
CUST0118,20,33349.234888301944,298.3571854520077,4,0,F,East,2022-06-05
CUST0119,24,24277.659835723163,403.19385747417203,2,1,F,East,2022-03-09
CUST0120,22,25359.692324582244,230.98126180558683,5,0,F,North,2022-06-19
CUST0121,23,27962.591193947155,339.70798138206845,4,2,M,East,2022-04-08
CUST0122,24,33697.3359074571,332.3046407983029,5,1,F,North,2022-05-26
CUST0123,21,27716.572232790466,342.1533582679165,3,1,F,North,2022-05-03
CUST0124,18,34753.6991904857,281.59287075324033,2,2,M,East,2022-07-19
CUST0125,,33100.845433635855,307.02947443681404,2,0,F,North,2022-04-24
CUST0126,28,30898.51181064928,218.26865142251347,3,2,F,East,2022-02-24
CUST0127,25,31708.61089333945,292.59653994250726,5,0,F,North,2022-06-26
CUST0128,27,17731.114472201712,291.48497882394355,1,1,F,East,2022-08-06
CUST0129,26,27961.40740696668,305.7005459493401,3,2,F,North,2022-08-27
CUST0130,25,23533.915727704432,282.3306418757459,5,2,F,East,2022-02-20
CUST0131,23,37596.4441065502,135.67097210726345,2,2,F,North,2022-05-02
CUST0132,24,35953.60966649489,335.80176511869996,4,1,M,East,2022-07-03
CUST0133,18,37096.567974446516,447.8425191580815,3,0,F,North,2022-01-25
CUST0134,26,28743.79966784953,292.4937722219503,2,1,M,North,2022-06-12
CUST0135,25,28772.1403902993,238.447628056334,5,2,F,North,2022-07-14
CUST0136,23,33938.1197199334,173.195590736293,4,1,F,North,2022-02-28
CUST0137,27,34419.275320338566,347.0918323208265,3,0,M,East,2022-04-24
CUST0138,19,28507.894573064208,175.45318323462266,1,1,M,East,2022-01-21
CUST0139,18,36547.5007095443,340.65754354370597,3,1,F,East,2022-07-02
CUST0140,20,28187.838110556713,382.39694598633963,2,0,M,North,2022-05-17
CUST0141,27,32786.174317246754,219.30915597963724,2,1,M,North,2022-01-11
CUST0142,25,24408.226811886067,232.36574681090457,1,1,F,North,2022-09-19
CUST0143,19,23700.900171911657,326.3730234415323,5,1,F,East,2022-03-11
CUST0144,25,29878.631791891243,255.9520071667564,4,1,M,North,2022-09-23
CUST0145,24,22117.218150064567,254.3114901328705,3,0,F,East,2022-04-05
CUST0146,18,21035.206019401372,251.00278083321916,1,2,F,East,2022-01-22
CUST0147,21,24355.042933908124,253.53855554211617,2,2,F,North,2022-07-15
CUST0148,28,33757.1651899212,364.44910076201484,1,1,F,North,2022-09-03
CUST0149,27,26246.541119311518,331.87852754836746,3,1,F,North,2022-04-14
CUST0150,21,32199.95713862563,373.53469605430394,3,2,F,North,2022-05-26
CUST0151,43,120907.53231327131,952.9488279487994,20,7,F,South,2022-07-05
CUST0152,49,98038.8118232615,1174.5473274217966,11,9,F,South,2022-03-11
CUST0153,47,108532.59185213497,1221.6651249132124,15,8,F,West,2022-02-16
CUST0154,55,96684.02279613737,1164.903707947759,11,10,M,West,2022-01-18
CUST0155,54,90970.00381958392,1271.112728721957,15,7,F,South,2022-07-09
CUST0156,39,93964.43095323852,1215.4819677626854,15,4,M,South,2022-02-13
CUST0157,52,100855.27893048037,1365.559385561804,18,9,M,West,2022-09-14
CUST0158,55,104131.77522558586,1335.135950196087,14,7,M,West,2022-03-25
CUST0159,41,55518.48602421978,1370.8172210830548,13,4,F,West,2022-03-16
CUST0160,36,82193.78813208855,1277.495437659477,9,,M,South,2022-09-07
CUST0161,55,64447.74427786456,790.8297263104116,8,8,M,South,2022-08-13
CUST0162,53,97840.72791874211,1561.582110455904,16,6,M,South,2022-04-18
CUST0163,45,94033.41557071214,851.5109058389387,17,3,F,South,2022-09-08
CUST0164,39,64002.73115201659,1110.500116557514,9,3,M,South,2022-04-03
CUST0165,46,92748.91521660249,1057.1919689009928,13,3,M,West,2022-05-25
CUST0166,36,100964.49084191988,1349.4600932271135,9,4,F,West,2022-07-11
CUST0167,46,82816.44250334859,1192.014864043106,16,6,M,West,2022-02-04
CUST0168,49,87656.11530271951,1160.5663052501072,15,9,F,South,2022-07-14
CUST0169,50,86198.67857467086,989.4599502586326,9,8,M,South,2022-06-12
CUST0170,39,86675.09949742598,1479.7192772187796,16,8,F,West,2022-04-11
CUST0171,49,74100.2164361348,1192.602873777487,20,4,M,West,2022-06-20
CUST0172,49,101826.1229383324,1066.3366436439455,15,9,F,South,2022-01-25
CUST0173,45,70120.5492286098,1331.374604180388,13,5,F,South,2022-05-06
CUST0174,37,93261.5867444239,1122.9407128094426,9,8,M,South,2022-06-20
CUST0175,53,108554.6066617947,1130.8556908655494,18,4,F,West,2022-08-20
CUST0176,48,106197.70013814056,964.4195957793645,12,7,F,South,2022-03-15
CUST0177,53,81312.03390988307,1194.600937441381,15,6,M,West,2022-01-27
CUST0178,52,72872.39014815242,1450.7799797026814,17,6,F,South,2022-04-07
CUST0179,54,115458.06317557188,1037.879311703284,12,3,M,West,2022-06-05
CUST0180,44,102287.53199091004,1111.98187032159,10,5,F,South,2022-02-04
CUST0181,39,87727.27386698563,666.5342843369547,9,6,F,West,2022-01-08
CUST0182,49,82204.63095926766,1361.7603731906665,19,8,M,South,2022-03-28
CUST0183,39,101432.42075675946,1431.7699143690008,18,4,F,West,2022-05-01
CUST0184,48,73861.88655081874,1219.437753031538,12,6,M,West,2022-06-23
CUST0185,48,107324.07194860473,1393.2748523042965,17,10,F,South,2022-02-10
CUST0186,42,73949.38060354973,1365.4352712522818,8,6,F,South,2022-08-16
CUST0187,39,91101.87857975418,1035.3151269503521,9,3,F,West,2022-01-11
CUST0188,40,102732.75816261742,1378.94322401635,11,8,M,West,2022-04-24
CUST0189,36,74673.13120826882,1286.580583912531,9,8,F,West,2022-09-07
CUST0190,55,83549.85700315388,1248.9158094624147,8,8,M,West,2022-04-18
CUST0191,46,114614.34678296889,1402.90686207142,11,9,F,South,2022-09-25
CUST0192,47,107054.2922351823,959.4469614000465,11,8,M,South,2022-05-18
CUST0193,51,77646.32287112312,1017.315679219646,11,8,F,South,2022-08-20
CUST0194,42,99210.95403431606,1292.5783900791669,10,5,M,South,2022-03-23
CUST0195,55,64879.41159777917,1212.3863478701044,20,10,F,West,2022-01-13
CUST0196,39,74318.89859630696,1283.1418080170092,18,7,F,South,2022-09-02
CUST0197,46,77081.42571351065,1192.053923973144,15,3,M,West,2022-05-06
CUST0198,44,116560.14885601115,1385.319783332747,9,9,F,South,2022-01-10
CUST0199,49,106429.17591648725,1059.1418046887688,11,8,F,South,2022-04-26
CUST0200,36,63933.094280436984,1311.6670696505114,13,4,M,South,2022-05-02
CUST0201,42,77887.07911561715,607.8562279900907,16,5,F,West,2022-08-21
CUST0202,44,70323.61846264289,1424.3075477583704,18,3,F,South,2022-01-03
CUST0203,45,108726.08477233506,1368.5524683085646,12,7,M,West,2022-07-22
CUST0204,37,,1145.1331431608055,13,7,F,South,2022-05-22
CUST0205,54,88385.63316113755,1118.645143531897,16,9,F,South,2022-06-28
CUST0206,51,108606.4500640283,1365.0968739067252,16,8,M,West,2022-02-01
CUST0207,44,94418.8645058561,1325.7463204089327,20,10,M,South,2022-05-28
CUST0208,39,97064.5350779485,1338.4993153317223,20,4,M,West,2022-07-08
CUST0209,54,99914.2767523449,1342.64097185764,10,5,M,West,2022-07-17
CUST0210,36,70911.3375258205,1359.6009465268896,11,10,F,West,2022-02-11
CUST0211,42,77385.03555366055,1163.498704071236,20,10,M,West,2022-08-28
CUST0212,53,106614.16804627002,1178.2730187019868,12,9,F,South,2022-09-03
CUST0213,41,92591.56561821661,1096.4480667433015,12,3,F,West,2022-03-07
CUST0214,52,111661.05866249686,1073.4939995198545,16,4,F,South,2022-09-15
CUST0215,40,85352.07082053693,1629.799919318739,10,9,M,South,2022-09-23
CUST0216,49,115928.12803829413,893.7848880405311,14,3,F,West,2022-01-02
CUST0217,42,85327.45801103141,1254.119258507646,11,3,F,South,2022-04-17
CUST0218,55,85696.09793724718,1296.630565643053,8,7,F,South,2022-05-11
CUST0219,50,88540.33013013472,1206.513293191208,9,3,F,South,2022-08-13
CUST0220,39,66949.10119542349,1102.6841958247614,16,9,M,West,2022-03-01
CUST0221,42,88517.77513787935,1259.3598458820668,14,10,M,South,2022-06-22
CUST0222,50,87758.30098619868,1179.2062169451174,16,6,M,West,2022-06-12
CUST0223,48,103992.39784217352,1201.833811775272,17,9,M,South,2022-05-08
CUST0224,51,95544.57228985094,1188.1264414951665,16,3,F,West,2022-09-09
CUST0225,36,62198.344945882796,775.9465498749066,12,3,F,South,2022-01-21
CUST0226,46,91223.04629077103,1492.1650434276494,9,8,M,South,2022-05-13
CUST0227,46,63650.614508642044,1095.4994148978128,10,10,F,South,2022-01-18
CUST0228,39,113941.10746596532,1333.6364471699471,15,3,F,South,2022-05-08
CUST0229,36,97981.54884841846,797.1945523209429,13,7,F,West,2022-03-11
CUST0230,43,111073.33421223916,1265.817269042404,12,8,M,West,2022-07-22
CUST0231,43,100194.74480151059,1335.0361133014453,14,10,F,West,2022-03-03
CUST0232,40,72406.91688145165,1205.5970300890938,20,7,M,West,2022-07-17
CUST0233,37,45656.73098542672,1475.4680939508007,10,7,F,South,2022-04-14
CUST0234,37,84094.36126729408,1347.7733755864679,15,9,M,West,2022-04-19
CUST0235,46,67156.62171521154,1305.0729262637064,13,9,F,South,2022-03-14
CUST0236,37,82721.91038392694,1020.3297401206913,16,5,M,South,2022-05-20
CUST0237,54,82967.23643346343,1006.785009117086,10,4,M,West,2022-06-15
CUST0238,46,75611.57449298132,1373.7868056958612,17,5,F,West,2022-09-05
CUST0239,46,84368.31837624966,1227.6004105312134,10,8,F,West,2022-04-21
CUST0240,55,83162.58909180418,1700.2457861289242,8,5,F,West,2022-03-19
CUST0241,,109133.01897235599,1432.8953039828589,19,10,M,West,2022-09-22
CUST0242,50,92494.98743655732,1302.7754751542589,9,10,M,West,2022-04-28
CUST0243,37,104576.97499408424,713.6910313135231,13,8,M,West,2022-03-10
CUST0244,44,104071.10255837154,946.3638455167248,19,5,F,South,2022-09-05
CUST0245,38,116468.67015373328,1166.9361701857035,11,10,M,West,2022-07-25
CUST0246,52,74869.206178192,1101.5163097034151,16,5,M,South,2022-03-21
CUST0247,44,70883.26421477535,1389.7289816775485,15,9,F,South,2022-03-11
CUST0248,39,111186.80327535068,1150.477477704057,15,10,F,South,2022-02-18
CUST0249,52,83930.58109450554,1102.4352529290954,10,9,M,South,2022-09-24
CUST0250,51,95149.92630190529,1298.3771329684257,13,6,F,West,2022-02-06
CUST0251,37,89918.99803499284,1483.971797428864,16,7,M,West,2022-06-27
CUST0252,54,72663.96960642753,1150.648487669543,10,5,M,West,2022-03-24
CUST0253,53,118953.47519271383,1302.2137496301677,9,3,F,South,2022-01-25
CUST0254,53,71461.83633375383,1342.8723147544615,15,7,F,West,2022-06-14
CUST0255,42,97681.0225197396,913.7767779261283,12,10,M,South,2022-07-10
CUST0256,40,73966.42253885642,1285.2554717685225,11,8,M,West,2022-08-24
CUST0257,45,87047.73962553969,804.7975297954777,14,5,F,South,2022-05-05
CUST0258,45,90397.94843976716,1302.1181174446092,15,6,M,South,2022-04-04
CUST0259,36,86307.92142494961,1390.674483454366,17,,M,South,2022-03-06
CUST0260,45,111924.96058196705,1070.764388703021,11,5,F,West,2022-01-25
CUST0261,50,102755.45070039916,1038.4221375973584,9,9,F,South,2022-05-20
CUST0262,41,85897.09972008523,1168.410918887248,12,10,F,West,2022-04-20
CUST0263,52,97144.33281381249,1204.8986706713863,10,7,F,West,2022-04-08
CUST0264,46,94666.05239045863,1218.1776429300799,16,6,F,West,2022-01-12
CUST0265,37,77598.4913037098,1343.3065237832825,16,7,M,South,2022-02-23
CUST0266,38,69015.79107632492,1420.1303941131887,13,8,M,South,2022-08-05
CUST0267,54,72365.87200414753,1186.5084075294003,8,3,M,West,2022-09-28
CUST0268,50,,1186.236449776756,16,5,F,West,2022-08-23
CUST0269,40,73755.41700778082,1372.5114574428358,12,8,F,West,2022-06-06
CUST0270,50,95772.4602097475,1024.4130133232768,18,4,F,West,2022-07-16
CUST0271,55,106779.94798558354,1237.813330787083,18,6,M,West,2022-08-05
CUST0272,40,66303.61602652533,1151.5191629420797,20,9,M,South,2022-03-07
CUST0273,36,69086.65543718083,1063.2427441613024,11,3,F,West,2022-04-02
CUST0274,48,103335.51447705593,1449.416445001024,14,10,M,South,2022-07-25
CUST0275,,93522.3904781831,1371.0074483788999,18,10,F,West,2022-01-09
CUST0276,40,72077.53058850097,1261.8949009440269,16,8,F,West,2022-07-08
CUST0277,41,101699.56166714388,1157.1534780668985,12,6,F,West,2022-04-25
CUST0278,41,83625.70880711205,984.3893700227833,15,8,F,West,2022-04-03
CUST0279,38,73188.88168217972,1088.4798827698091,14,8,M,West,2022-03-15
CUST0280,36,84439.45762505749,1507.7073038104375,13,10,F,West,2022-08-23
CUST0281,41,95534.01600433074,1437.5518119838962,16,7,M,South,2022-06-28
CUST0282,54,89365.40940232147,1052.325292340634,8,6,M,South,2022-08-08
CUST0283,38,69605.8821214,1364.7562160977805,9,5,M,South,2022-07-13
CUST0284,48,72278.63115069785,862.0305824014597,15,10,M,West,2022-01-20
CUST0285,45,88843.89084440826,1268.1261994851723,20,4,M,South,2022-07-24
CUST0286,40,65122.70196398847,1388.134879776423,8,9,F,South,2022-06-13
CUST0287,44,,1180.9144603197833,17,4,F,West,2022-09-17
CUST0288,49,108735.70225514726,1182.8637412317223,15,5,F,West,2022-01-17
CUST0289,41,94854.87900448054,1032.8780843845095,19,10,F,South,2022-02-15
CUST0290,35,87771.76957245261,847.4916587017548,17,6,M,West,2022-08-27
CUST0291,48,83639.63191527722,1191.832666685876,18,4,M,South,2022-01-08
CUST0292,50,84946.79881829458,1335.155458495004,12,9,M,West,2022-09-18
CUST0293,43,102191.60605715193,1151.702578313212,19,3,F,West,2022-07-24
CUST0294,42,96958.51402464992,1238.1744901443274,12,5,F,West,2022-01-18
CUST0295,38,67055.02595291825,836.2282528895721,13,6,M,South,2022-07-17
CUST0296,50,104227.0316762318,1472.393538739461,17,8,F,West,2022-01-07
CUST0297,52,98996.41520274366,845.9867514398645,20,6,M,West,2022-05-15
CUST0298,51,88267.29925328978,1122.7213855711418,17,4,M,South,2022-07-10
CUST0299,53,81243.32027135517,1172.6202279918743,16,10,M,South,2022-05-15
CUST0300,53,57966.89070081225,1230.0306037030068,15,3,F,South,2022-03-14
CUST0301,71,43893.26472136004,797.9286369644418,8,19,F,North,2022-05-20
CUST0302,67,54978.237563965515,711.6530968873275,5,7,M,South,2022-01-23
CUST0303,66,51171.421736376695,521.7874634690243,4,7,F,North,2022-09-05
CUST0304,64,40612.032851784505,839.128317958083,10,18,F,South,2022-08-27
CUST0305,69,69874.06854566491,461.2720609452309,7,7,M,South,2022-08-03
CUST0306,58,60393.27847291872,867.7251416735262,8,9,M,North,2022-09-04
CUST0307,,63332.55569661219,717.9770659221335,9,18,F,North,2022-03-25
CUST0308,62,49370.54112941138,721.327724552707,5,8,M,South,2022-09-05
CUST0309,74,57089.08041340945,390.38547175225847,4,12,M,North,2022-07-14
CUST0310,58,45964.69469856404,609.2026945588204,9,6,M,North,2022-06-15
CUST0311,67,43446.99242820051,769.9221589731777,10,6,M,South,2022-01-06
CUST0312,62,61514.02928828834,477.2303954752379,6,15,M,South,2022-08-19
CUST0313,59,67088.38197164085,683.6588824840928,7,14,F,North,2022-04-15
CUST0314,72,74513.69182530718,601.8763127766703,5,18,F,North,2022-02-09
CUST0315,66,68924.48992811808,619.7024681685004,10,15,F,South,2022-06-23
CUST0316,59,53034.31572236033,790.9631095921379,8,20,M,North,2022-03-23
CUST0317,64,58492.37909496949,634.6466850691246,7,6,F,South,2022-02-03
CUST0318,72,45258.824198121656,672.1343588532975,6,11,F,North,2022-02-23
CUST0319,69,57524.6146300501,645.852848317234,9,11,M,South,2022-08-21
CUST0320,67,48728.82411584986,519.1290542620097,10,7,M,North,2022-06-03
CUST0321,70,60567.88113752975,1016.105369893409,6,5,M,North,2022-09-23
CUST0322,78,84161.9261637025,1097.107206195524,7,12,M,South,2022-07-24
CUST0323,62,38631.70444092731,616.6626372881404,7,19,F,South,2022-09-20
CUST0324,63,41836.28701404763,939.771018118493,7,8,F,South,2022-03-13
CUST0325,61,47890.208267784095,812.5641099913113,8,12,M,North,2022-09-13
CUST0326,63,42491.16369149473,634.688210887554,9,18,F,North,2022-01-25
CUST0327,61,50297.99049796244,828.5514771863695,10,12,F,South,2022-03-11
CUST0328,63,55971.08585761861,526.8907144699328,9,20,F,North,2022-03-06
CUST0329,78,56698.17798691987,612.2721204270013,9,20,M,North,2022-03-06
CUST0330,71,73930.97388364607,761.2736918182719,10,6,M,South,2022-01-14
CUST0331,59,58985.264732303665,609.0509112279104,9,9,M,North,2022-05-10
CUST0332,71,51602.625042295935,714.4554950886326,9,20,F,North,2022-08-10
CUST0333,55,44915.442553754285,668.9587092300189,4,13,F,North,2022-03-04
CUST0334,71,60787.007374431036,492.85747177638234,10,10,M,North,2022-03-07
CUST0335,71,58873.87475993378,778.8248523793964,8,13,F,South,2022-01-20
CUST0336,80,47294.514400148386,787.4690297553091,7,19,M,North,2022-05-01
CUST0337,64,47185.767233641935,433.5491904226868,9,6,M,South,2022-08-16
CUST0338,67,46852.05005154207,818.9317235590531,9,5,M,North,2022-08-18
CUST0339,70,63113.086274374,521.7250929079732,6,8,M,North,2022-01-20
CUST0340,61,67492.70828360433,566.1295147616878,8,20,F,North,2022-08-08
CUST0341,57,51751.63752170602,588.5018646479249,8,6,M,South,2022-04-19
CUST0342,55,67911.73891743584,652.173705132161,10,17,M,South,2022-08-15
CUST0343,60,43097.29056173618,624.1222144974355,10,17,F,South,2022-07-15
CUST0344,79,53861.57257817187,435.3409661947416,9,7,F,North,2022-02-20
CUST0345,58,37371.506146053354,810.3317482696095,6,,F,North,2022-01-08
CUST0346,75,50426.06698292128,1164.7465985487065,7,12,F,South,2022-09-09
CUST0347,68,60216.96025972064,883.1602993782888,7,7,F,North,2022-09-27
CUST0348,77,62071.00713575267,752.7952470962015,7,9,F,South,2022-04-02
CUST0349,66,55800.347755616625,709.5010094994639,6,19,F,South,2022-03-05
CUST0350,58,59335.434734485214,771.4750275314082,7,18,M,North,2022-01-21
CUST0351,57,52314.81537408183,752.6637155042263,8,15,F,North,2022-06-02
CUST0352,64,40106.68940709473,834.3826805979206,9,12,M,South,2022-03-28
CUST0353,60,60443.27159976279,797.2449701701366,7,9,M,North,2022-01-22
CUST0354,68,53629.042868158176,824.946212361336,10,7,F,South,2022-05-11
CUST0355,62,52872.099966213515,527.382999984249,8,11,F,North,2022-02-02
CUST0356,59,46790.118420101695,1044.3774812376237,6,17,F,South,2022-02-14
CUST0357,65,38116.137695845675,817.9786096455923,9,9,F,South,2022-03-06
CUST0358,74,61332.34142463802,667.3318461712049,6,10,F,South,2022-05-20
CUST0359,64,53656.56690589642,488.60070135177483,8,12,F,South,2022-09-06
CUST0360,63,59053.90892811243,563.023019848538,4,11,M,North,2022-08-24
CUST0361,78,39755.41778024999,756.2341405675473,7,14,M,South,2022-06-02
CUST0362,76,40834.61783551404,700.9302524246095,5,13,M,South,2022-02-25
CUST0363,80,47183.00634156821,814.3575875251076,8,20,F,South,2022-05-11
CUST0364,72,80590.4302353304,790.2833836923278,9,7,M,North,2022-06-13
CUST0365,76,51919.45885830128,622.2082132030392,8,6,F,South,2022-02-25
CUST0366,80,53680.54675904844,709.2442130445228,6,12,M,South,2022-07-27
CUST0367,66,41666.17302293422,863.0738144503767,8,9,F,North,2022-09-03
CUST0368,70,63212.84625159049,795.0005800908289,4,8,M,South,2022-05-16
CUST0369,64,45332.27073273133,919.0619120518518,8,20,F,South,2022-03-04
CUST0370,58,40703.07080806613,787.7802653017868,6,7,F,North,2022-05-11
CUST0371,80,,668.9064644746871,6,8,M,North,2022-09-14
CUST0372,71,57700.18746185603,778.8206538826596,8,18,F,North,2022-09-07
CUST0373,80,49717.326711196016,753.8169973971076,9,18,F,North,2022-04-20
CUST0374,78,50002.010003959826,634.6491619555112,8,18,F,North,2022-01-04
CUST0375,77,56772.08930558865,818.2065397116896,9,7,M,North,2022-09-03
CUST0376,66,49917.802917263885,847.3541406775523,6,20,F,South,2022-08-24
CUST0377,74,51155.177573257366,746.1780787327277,6,19,M,South,2022-05-14
CUST0378,74,42399.52999099606,579.7718195028796,6,8,M,South,2022-06-09
CUST0379,58,61280.05643302478,910.549455400174,8,17,F,North,2022-09-19
CUST0380,73,50225.70239325489,764.1757395180879,9,10,M,South,2022-06-05
CUST0381,64,60527.77596909106,800.6100834768569,7,6,F,North,2022-08-17
CUST0382,70,67019.42826329973,908.5198663443542,8,20,F,South,2022-08-16
CUST0383,68,52315.44205972258,542.5805757568055,5,7,M,North,2022-03-20
CUST0384,64,61987.02144633147,721.8381491711297,6,10,F,South,2022-04-23
CUST0385,72,41989.3269115138,686.7290160163308,6,16,M,South,2022-05-07
CUST0386,72,57066.40128591535,854.7697969688916,9,12,F,North,2022-01-04
CUST0387,69,53398.60688509037,997.6755123305556,4,19,M,North,2022-01-15
CUST0388,61,59956.47440070042,514.6162582139758,6,18,M,North,2022-02-24
CUST0389,80,56833.19959093508,798.3745527703402,4,16,F,North,2022-04-26
CUST0390,65,63248.82493907589,683.5786113953831,8,13,M,North,2022-07-14
CUST0391,79,59982.92288817496,372.3052897075836,6,9,M,North,2022-01-11
CUST0392,59,50489.68106901256,426.5757943875591,10,17,F,North,2022-06-18
CUST0393,73,45531.32694628384,544.1039479516841,7,19,M,North,2022-04-01
CUST0394,67,46963.645461893335,688.1361384305551,6,19,F,South,2022-04-23
CUST0395,73,72247.95567821819,704.0205251160778,9,7,F,South,2022-05-09
CUST0396,57,57850.60935580062,555.128248596611,7,11,F,South,2022-02-10
CUST0397,65,59290.694667177995,579.9869447939993,8,9,F,South,2022-05-17
CUST0398,76,55235.906594831235,654.1316170842671,9,19,M,North,2022-09-11
CUST0399,60,54657.00224741379,701.9891014160302,7,11,M,South,2022-01-04
CUST0400,60,69412.22768755045,482.2443829467189,,16,F,North,2022-06-11
CUST0401,66,47596.43324838376,513.5346001266845,4,17,F,North,2022-07-24
CUST0402,68,46272.39698410616,506.096822740564,4,11,F,North,2022-01-27
CUST0403,59,44931.004087533576,599.1784289709524,7,5,M,South,2022-03-07
CUST0404,58,65446.921857892456,688.3157522246823,5,20,M,North,2022-06-27
CUST0405,67,70330.5593096027,844.583877975818,4,15,F,South,2022-06-22
CUST0406,59,41430.809238794136,884.6891003240512,10,9,M,North,2022-08-16
CUST0407,71,42342.33173356835,620.2472110738529,5,19,F,North,2022-01-21
CUST0408,75,54755.598408757935,362.9765086004536,8,19,M,North,2022-03-16
CUST0409,58,58267.70843892642,759.2596765081777,9,17,F,South,2022-03-21
CUST0410,65,56926.09678754914,590.554326760357,9,7,M,South,2022-08-28
CUST0411,79,57175.05384316186,687.3849187985682,10,14,M,North,2022-09-11
CUST0412,78,43792.75907482306,835.984216371768,10,12,F,South,2022-08-26
CUST0413,58,55798.48383930373,913.5223146756642,4,5,F,South,2022-07-24
CUST0414,59,40519.480496468415,887.0804764838222,7,16,M,South,2022-01-27
CUST0415,79,66930.60352609999,788.357947584821,4,13,M,North,2022-09-10
CUST0416,56,64555.06784536965,652.1127550955968,6,18,F,South,2022-06-18
CUST0417,57,47114.71403038996,556.0381278866633,5,13,M,South,2022-09-01
CUST0418,57,48276.84082951927,692.8247882163116,10,9,F,South,2022-04-19
CUST0419,73,42393.201051866024,487.41373283860986,9,7,F,South,2022-06-26
CUST0420,78,62070.48150456207,668.0482414351312,5,7,F,North,2022-06-03
CUST0421,69,52438.796138141646,667.2726184231444,9,10,M,North,2022-03-09
CUST0422,,55983.39101871802,717.2078485784923,7,16,F,North,2022-01-11
CUST0423,66,67175.36584639657,887.115865761461,6,8,M,South,2022-07-21
CUST0424,80,43999.31869296178,778.5049751200836,6,7,F,South,2022-09-27
CUST0425,71,47492.0722801049,835.9173172542436,8,10,F,North,2022-03-19
CUST0426,63,58096.14302767576,385.4345029747333,9,8,M,North,2022-07-06
CUST0427,56,55992.351507479485,681.7019819790842,4,20,F,South,2022-02-28
CUST0428,59,65967.43921782642,1043.7614269614744,4,18,M,South,2022-05-23
CUST0429,62,41196.74722767329,820.2520278785512,6,7,F,North,2022-06-23
CUST0430,71,53475.76374512897,656.2711714779246,5,6,F,North,2022-01-09
CUST0431,69,66480.95267356194,507.19656861840775,6,15,M,South,2022-07-03
CUST0432,55,49357.10197027621,791.3715373728853,10,14,M,South,2022-08-08
CUST0433,66,45220.7901062597,604.707799102961,10,11,M,North,2022-06-15
CUST0434,55,57004.53481427564,686.4004555969475,8,16,M,South,2022-05-07
CUST0435,55,55544.84025790455,554.4828072207455,9,14,M,North,2022-09-10
CUST0436,71,65375.98804166129,683.426428323778,4,9,F,North,2022-03-04
CUST0437,56,73777.3325826,548.0802713473794,8,18,F,South,2022-06-26
CUST0438,78,58859.560759071814,734.1901744524973,5,17,M,North,2022-01-25
CUST0439,68,52232.852188938494,632.3199114978037,6,13,F,South,2022-04-03
CUST0440,77,59374.02569299566,583.9581577104344,7,13,M,North,2022-08-17
CUST0441,61,66250.20927922605,894.1300913488603,4,9,M,North,2022-01-26
CUST0442,69,45016.37939648664,732.4331860211278,8,16,M,South,2022-08-17
CUST0443,64,35952.252194989785,766.9890169318777,4,10,F,North,2022-03-07
CUST0444,61,59581.482032135274,585.3230541749243,4,12,F,South,2022-06-16
CUST0445,71,63030.966873727244,738.2650217464593,10,10,M,South,2022-09-10
CUST0446,69,43133.67089029255,634.7103401548264,4,19,M,North,2022-06-05
CUST0447,58,73783.79455620922,721.2076256097247,5,9,M,South,2022-02-27
CUST0448,66,45820.72491034535,374.6353493180469,4,13,M,North,2022-09-22
CUST0449,57,59646.60521946403,904.6240434651315,10,9,M,South,2022-03-07
CUST0450,58,65720.15475384757,744.2038049916373,5,18,F,South,2022-01-15
CUST0451,28,33750.61826652952,520.8756618575891,5,2,M,West,2022-07-23
CUST0452,36,35720.28349015719,468.8767450206896,7,5,M,West,2022-09-04
CUST0453,43,31388.590405444316,516.43682025126,3,1,F,West,2022-01-10
CUST0454,32,29969.462340922808,519.7162618422079,7,2,M,West,2022-01-22
CUST0455,39,26161.945370712245,472.20043554870824,5,5,F,West,2022-02-11
CUST0456,36,42992.462576508704,529.2532116965607,4,1,F,East,2022-08-02
CUST0457,43,26580.919862835617,418.62184892542814,4,2,M,East,2022-02-17
CUST0458,35,38473.48067783955,633.093710921433,8,1,M,West,2022-05-01
CUST0459,39,62696.215895405956,327.666674184819,4,2,M,West,2022-05-21
CUST0460,39,41640.94534399961,437.69123403347106,8,3,M,East,2022-04-11
CUST0461,43,35202.1846906691,433.74527460800573,3,1,M,East,2022-04-07
CUST0462,35,49050.45833261974,464.23973445450645,5,5,M,East,2022-05-09
CUST0463,38,36302.742346385916,230.73719839280682,5,1,M,East,2022-09-11
CUST0464,32,42361.87421011521,258.67051613094634,5,1,F,West,2022-08-22
CUST0465,31,36346.291425517054,525.5254163406847,4,4,F,West,2022-02-09
CUST0466,33,37267.84755113242,326.1317689854071,7,3,M,East,2022-03-06
CUST0467,40,35729.69202227775,593.1003739739601,4,2,M,West,2022-05-04
CUST0468,29,42898.23100010684,529.6769392821333,7,2,M,West,2022-01-20
CUST0469,32,38428.1066182326,485.1274398341849,5,3,M,East,2022-09-17
CUST0470,38,34069.20278519644,475.8357129485285,4,1,F,West,2022-02-07
CUST0471,31,39535.4899330369,419.12624132153815,6,4,M,West,2022-09-12
CUST0472,43,45481.30121109438,387.07863806844784,6,1,F,East,2022-09-11
CUST0473,33,26331.172472264356,503.99184555509476,3,3,M,West,2022-05-05
CUST0474,36,42997.63656124931,438.2562979396489,4,4,M,East,2022-05-19
CUST0475,45,60648.28910528122,351.2347996254091,5,5,F,East,2022-04-06
CUST0476,41,44493.506824773496,428.7522746779233,6,2,M,East,2022-02-10
CUST0477,38,41431.61190676317,512.4002850695296,8,5,F,West,2022-06-18
CUST0478,37,40199.51283143061,481.81152130160933,7,5,F,East,2022-08-02
CUST0479,29,34579.465866611565,531.0406413524045,5,5,F,East,2022-03-01
CUST0480,31,44832.91341259978,459.8546969465506,5,1,F,East,2022-08-22
CUST0481,37,41962.41857267602,339.85688997735963,8,3,M,West,2022-01-04
CUST0482,33,34595.66174343588,521.0198255891164,4,4,M,West,2022-07-02
CUST0483,42,34407.65719644954,465.5987336904279,5,5,M,East,2022-02-14
CUST0484,31,46303.97354917594,497.0759254138939,7,4,M,East,2022-07-06
CUST0485,40,43471.905840862106,355.321748126714,7,4,M,West,2022-08-20
CUST0486,37,55190.23082152227,552.7686212015531,8,1,M,East,2022-06-10
CUST0487,42,50747.11458423672,705.1896206075362,4,2,M,East,2022-06-27
CUST0488,41,50687.74531735691,521.672019271538,4,2,F,West,2022-04-23
CUST0489,30,48712.38765922424,516.2929952692281,7,3,F,West,2022-09-03
CUST0490,28,42543.932862867005,313.9776173756251,7,4,M,West,2022-08-19
CUST0491,32,46358.614881662004,556.8360615972404,3,1,M,West,2022-03-03
CUST0492,45,51969.24824395118,309.7416138769912,5,4,F,West,2022-08-04
CUST0493,29,43815.64594186227,539.6717520248571,7,5,F,East,2022-08-10
CUST0494,40,45519.72587833374,392.6094671817637,4,1,F,West,2022-08-16
CUST0495,39,54633.86821807994,473.38058416125455,5,3,F,West,2022-04-08
CUST0496,31,45668.90392559739,437.63118319613795,5,4,F,West,2022-03-28
CUST0497,41,37265.797611427144,423.49636702404706,6,2,F,West,2022-05-12
CUST0498,44,49965.903670643485,312.55654900550337,7,2,M,West,2022-07-06
CUST0499,44,28556.90964036301,549.3453998040367,7,5,M,East,2022-06-26
CUST0500,34,43791.02767589089,402.7195522088974,3,2,M,West,2022-06-15
CUST0501,29,50873.314377712566,373.07457704948905,5,3,F,West,2022-08-01
CUST0502,31,37504.567395581784,382.4218447750701,6,5,F,East,2022-02-16
CUST0503,43,33656.25699613429,401.8305955116957,4,3,M,West,2022-02-12
CUST0504,28,36390.46704927191,488.9958073721246,7,2,M,East,2022-08-15
CUST0505,34,39017.74215188118,551.9078105362385,3,1,F,East,2022-03-10
CUST0506,33,39160.5699135915,442.26084575421777,5,5,F,West,2022-06-20
CUST0507,41,52376.48128278552,330.7478964973149,6,3,M,West,2022-03-17
CUST0508,37,33410.67975433056,282.67834360774043,6,5,M,East,2022-02-13
CUST0509,44,60848.35023071949,449.0656479858206,5,5,F,West,2022-02-11
CUST0510,31,32804.20106245281,460.3661873521205,5,3,F,West,2022-09-21
CUST0511,37,43646.73318398466,561.7542700528245,4,,F,West,2022-02-26
CUST0512,32,37904.37945419122,306.39895290610025,5,3,F,West,2022-05-18
CUST0513,40,39118.91050335465,318.19249571695275,7,2,F,East,2022-08-13
CUST0514,45,34130.89967685602,363.2075623380009,8,3,F,East,2022-07-08
CUST0515,45,41520.29569641413,491.14456706630847,4,3,M,West,2022-04-18
CUST0516,30,40986.56381178333,520.0190100091636,,4,F,West,2022-03-16
CUST0517,36,32328.891512511767,392.82640605074954,3,4,M,East,2022-07-03
CUST0518,43,47240.96543014623,374.57047474078877,8,4,F,West,2022-06-07
CUST0519,29,43148.729979526375,408.5323888055994,,3,F,West,2022-07-26
CUST0520,32,34860.13041765612,594.998045689156,3,4,F,East,2022-07-19
CUST0521,38,39483.890618244215,442.7286342155124,5,2,M,East,2022-06-18
CUST0522,43,43053.74919238798,280.2856162210003,4,5,F,West,2022-04-06
CUST0523,40,31777.3593516947,499.13697511389466,3,1,M,West,2022-02-24
CUST0524,28,50473.49659153807,344.44602879158595,7,2,M,East,2022-08-04
CUST0525,35,42433.26179670208,652.4447637580456,5,2,M,West,2022-08-11
CUST0526,44,35894.928314666,418.03356737766404,3,3,F,West,2022-09-04
CUST0527,44,34027.389535625945,398.3177698093507,8,2,F,West,2022-08-06
CUST0528,39,40003.48766028611,389.96934807569266,6,1,M,East,2022-05-13
CUST0529,32,40406.600748412755,470.4280879880035,7,2,M,West,2022-02-20
CUST0530,29,31900.55313956029,550.9985572555364,7,5,M,East,2022-02-22
CUST0531,31,39090.17853586601,433.58522279815503,8,1,F,West,2022-07-11
CUST0532,40,44356.02120472795,503.4973350748282,8,2,M,East,2022-08-21
CUST0533,37,36755.61460038923,472.0068928884983,7,3,M,West,2022-01-03
CUST0534,31,28935.33920159484,439.91481254491134,5,1,M,West,2022-04-27
CUST0535,34,29250.78176230094,340.25555782004227,7,2,F,West,2022-03-19
CUST0536,37,45383.10704317835,556.5824337727505,4,4,F,East,2022-01-25
CUST0537,28,43443.13537492768,453.4551279501065,3,5,F,East,2022-03-22
CUST0538,30,40582.88653205546,411.1775023014121,8,1,F,East,2022-03-15
CUST0539,42,46685.92614282855,444.0382693046913,6,1,M,East,2022-09-10
CUST0540,29,44530.183166766285,374.33097394690276,8,3,F,East,2022-07-20
CUST0541,31,49992.04432243985,280.88904981878636,3,2,M,West,2022-08-07
CUST0542,39,55711.24350403238,296.7281026956527,5,1,F,West,2022-04-22
CUST0543,33,46107.076025827446,516.3121111359663,6,3,F,West,2022-06-10
CUST0544,41,31520.27902249699,306.3099977599327,3,2,M,East,2022-05-14
CUST0545,31,30760.37108516736,517.3009476057395,7,4,M,West,2022-06-03
CUST0546,39,27806.248841849152,321.6987153889123,8,2,F,West,2022-01-20
CUST0547,31,46561.07700026011,380.0375520260228,3,3,F,East,2022-09-13
CUST0548,44,41152.90404546957,319.6796718259501,7,2,F,East,2022-03-28
CUST0549,41,36814.373102818674,385.73436826479065,5,4,M,East,2022-05-02
CUST0550,28,37098.02111814549,404.1940291344762,6,4,M,East,2022-06-18
CUST0551,43,36920.65310376258,530.9608513327184,5,1,M,West,2022-01-01
CUST0552,40,41326.74079284252,413.0244835919346,6,5,F,East,2022-09-27
CUST0553,,36198.60176299531,466.4130608050496,6,1,M,West,2022-06-04
CUST0554,41,49842.35199277175,478.1763543596486,3,5,F,East,2022-05-28
CUST0555,42,47235.442868340615,420.8362304696102,3,2,F,West,2022-01-08
CUST0556,45,41182.6706482611,315.44583266007004,8,3,F,East,2022-07-23
CUST0557,,40331.53597840981,379.31124080356625,5,3,F,West,2022-07-21
CUST0558,31,44594.00936555401,466.988423225675,4,4,M,West,2022-06-23
CUST0559,34,47059.786072078234,663.2123218330258,6,2,F,East,2022-07-13
CUST0560,38,46451.056744302536,514.8247496627938,8,5,M,West,2022-07-14
CUST0561,42,29115.17576449385,240.12955345249088,4,4,M,East,2022-09-07
CUST0562,45,54039.478543137884,374.46043572328006,6,5,M,East,2022-03-16
CUST0563,32,49318.6955125713,538.6707119776831,7,3,F,West,2022-03-07
CUST0564,35,36958.13322629291,704.5867351159592,5,4,M,East,2022-09-13
CUST0565,41,26657.327169469878,324.7354034195545,7,3,F,East,2022-06-27
CUST0566,34,43171.754273489474,603.2654531443337,8,3,M,East,2022-07-05
CUST0567,44,29016.333484688494,412.4480119955854,8,1,F,West,2022-05-28
CUST0568,41,32235.753013414163,261.74019243403177,7,3,F,East,2022-03-05
CUST0569,44,46145.289909180974,510.72967550134314,3,1,M,West,2022-01-03
CUST0570,33,52068.16283724774,434.335547052968,4,1,F,East,2022-01-05
CUST0571,45,54372.353422315915,486.97677066030224,3,5,M,West,2022-08-22
CUST0572,35,25750.852205194948,437.75734641435935,8,3,M,West,2022-07-05
CUST0573,40,27799.419558129663,538.1784643307425,8,3,M,East,2022-02-05
CUST0574,36,44684.55044906066,642.8713490575061,6,2,F,East,2022-07-28
CUST0575,34,38629.855132535355,510.1082897601041,8,1,M,East,2022-08-26
CUST0576,44,41686.15444503104,469.632127801067,5,5,F,East,2022-07-20
CUST0577,33,34696.45873882779,411.36161170045926,5,4,M,East,2022-03-15
CUST0578,32,49717.556397588254,391.5567978823463,8,5,F,West,2022-09-14
CUST0579,45,31202.52138922335,586.232824127138,5,5,M,East,2022-09-27
CUST0580,44,48631.84420153119,499.2710068948643,6,5,F,East,2022-08-13
CUST0581,39,40997.51111844158,518.1473462794635,5,3,F,West,2022-06-08
CUST0582,34,50566.047282920365,407.3686944929326,6,5,M,East,2022-03-14
CUST0583,39,23662.162812023013,522.5590765768403,7,5,M,East,2022-01-19
CUST0584,38,29514.528530386146,570.9712598907114,3,4,F,West,2022-08-28
CUST0585,28,52618.337477509274,351.74936957054933,5,5,F,West,2022-04-23
CUST0586,29,36658.796041564674,589.0670335369416,5,5,M,East,2022-09-09
CUST0587,33,53564.861962327035,419.4495178605376,7,1,M,East,2022-07-18
CUST0588,34,45556.907060960795,371.1625164530062,3,2,F,East,2022-06-02
CUST0589,32,52567.61580131105,473.6211800465944,3,1,M,East,2022-01-19
CUST0590,33,42803.92144281485,327.1005092312426,7,2,F,West,2022-08-23
CUST0591,40,32236.20650709154,480.7754882150759,5,1,F,East,2022-06-04
CUST0592,45,52761.12675079203,455.9149474827231,3,5,M,East,2022-08-23
CUST0593,39,43408.96323306892,429.3061222950076,8,3,M,West,2022-02-05
CUST0594,42,29072.838803475694,576.0019569775152,3,4,M,East,2022-09-28
CUST0595,32,39708.74050519302,271.51995427285965,7,3,M,West,2022-05-15
CUST0596,39,41155.34007740656,446.03861444517804,7,2,M,East,2022-09-03
CUST0597,28,32813.37173363866,405.8382416443197,7,1,F,East,2022-09-20
CUST0598,39,44138.813345461866,661.0300835071425,7,2,M,East,2022-02-08
CUST0599,35,35467.42661859812,398.8447960547497,3,2,M,West,2022-08-21
CUST0600,45,50701.10854970417,516.2033313535773,5,1,M,West,2022-02-22
